subject_id,total_windows_extracted,kept_windows,dropped_code_0,dropped_mixed_transitions,class_0_kept,class_1_kept,class_2_kept,class_3_kept,class_4_kept,class_5_kept,class_6_kept,class_7_kept
S1,4605,3454,1151,0,349,142,171,205,443,1176,375,593
S2,4101,2823,1278,0,298,131,150,192,458,608,343,643
S3,4369,3346,1023,0,298,216,144,187,453,1078,367,603
S4,4574,3305,1269,0,284,260,163,236,502,946,295,619
S5,4651,3354,1297,0,298,231,144,215,413,1126,293,634
S6,2624,1467,1157,0,315,213,153,264,522,0,0,0
S7,4670,3556,1114,0,307,201,135,249,516,1210,352,586
S8,4039,2988,1051,0,298,204,160,209,384,899,239,595
S9,4279,3260,1019,0,298,239,140,275,476,919,293,620
S10,5323,3542,1781,0,298,232,151,243,467,1040,540,571
S11,4523,3490,1033,0,298,226,160,243,428,1202,325,608
S12,3956,2944,1012,0,299,240,138,238,443,728,263,595
S13,4567,3358,1209,0,300,246,143,247,447,1012,353,610
S14,4478,3187,1291,0,303,227,161,250,475,864,306,601
S15,3968,2923,1045,0,304,207,175,201,391,718,327,600
